division,team_name,first_name,last_name,height,year
mens-d1,A&M-Corpus Christi,Jamal,Ambrose,6-10,Jr
mens-d1,A&M-Corpus Christi,Kayden,Crosby,6-7,Jr
mens-d1,A&M-Corpus Christi,Cenker,Evran,6-8,Sr
mens-d1,A&M-Corpus Christi,Mason,Gibson,6-0,Sr
mens-d1,A&M-Corpus Christi,Jaden,Haire,6-7,Jr
mens-d1,A&M-Corpus Christi,Cedric,Horton,6-5,Fr
mens-d1,A&M-Corpus Christi,DA,Houston,6-2,Sr
mens-d1,A&M-Corpus Christi,Daniel,Michelini-Jackson,6-5,Jr
mens-d1,A&M-Corpus Christi,Trenton,Pane,5-10,Fr
mens-d1,A&M-Corpus Christi,Kam,Parker,6-2,Sr
mens-d1,A&M-Corpus Christi,Devon Kobi,Pearson,6-8,Fr
mens-d1,A&M-Corpus Christi,Nicholas,Shogbonyo,6-1,Sr
mens-d1,A&M-Corpus Christi,Leo,Torbor,6-3,Sr
mens-d1,A&M-Corpus Christi,Bryson,Wheatfall,6-5,Fr
mens-d1,A&M-Corpus Christi,Sheldon,Williams,6-8,Sr
mens-d1,A&M-Corpus Christi,Franck,Yetna,6-7,Sr
mens-d1,Abilene Christian,Chilaydrien,Newton,6-3,So
mens-d1,Air Force,AJ,Patterson,6-3,So
mens-d1,Akron,Halil,Barre,6-10,Jr
mens-d1,Alabama,Taylor Bol,Bowen,6-10,Jr
mens-d1,Alabama,Jacob,Martin,,So
mens-d1,Alabama,Labaron,Philon,6-4,So
mens-d1,Alabama,Latrell,Wrightsell Jr.,6-3,Sr
mens-d1,Alabama A&M,Bilal,Abdur-Rahman,5-11,So
mens-d1,Alabama A&M,Angok,Anyang,6-9,Jr
mens-d1,Alabama A&M,Jalen,Carruth,6-7,So
mens-d1,Alabama A&M,Peyton,Daniels,,
mens-d1,Alabama A&M,Koron,Davis,6-7,Jr
mens-d1,Alabama A&M,Tajden,Davis,6-5,Jr
mens-d1,Alabama A&M,Kintavious,Dozier,6-1,Sr
mens-d1,Alabama A&M,P.J.,Eason,6-9,Sr
mens-d1,Alabama A&M,James,Flippin,6-10,Sr
mens-d1,Alabama A&M,James,Graham,6-8,Jr
mens-d1,Alabama A&M,Louis,Hutchinson,6-7,Jr
mens-d1,Alabama A&M,Gabe,Kincy,6-7,Jr
mens-d1,Alabama A&M,Samuel,Onu,6-11,Jr
mens-d1,Alabama A&M,Sami,Pissis,6-3,Sr
mens-d1,Alabama St.,Kevin,Alabi,6-7,Fr
mens-d1,Alabama St.,Asjon,Anderson,6-2,Sr
mens-d1,Alabama St.,Mario,Andrews,6-6,Sr
mens-d1,Alabama St.,Tyler,Byrd,6-3,Jr
mens-d1,Alabama St.,R'Chaun,King,6-6,Fr
mens-d1,Alabama St.,Tyler,Mack,6-5,Sr
mens-d1,Alabama St.,Jordon,Marshall,6-2,Sr
mens-d1,Alabama St.,Tyler,Mason,6-9,Jr
mens-d1,Alabama St.,Trey,Miller,6-2,Sr
mens-d1,Alabama St.,Cam,Palesse,6-5,Sr
mens-d1,Alabama St.,Micah,Simpson,6-2,Sr
mens-d1,Alabama St.,Jerquarius,Stanback,6-9,Fr
mens-d1,Alabama St.,Jasteven,Walker,6-10,Jr
mens-d1,Alabama St.,Demarien,Yates,6-7,Jr
mens-d1,Ark.-Pine Bluff,Jai’chaunn,Hayes,6-7,Fr
mens-d1,Arkansas,Elmir,Dzafic,7-0,Fr
mens-d1,Arkansas St.,Royal Blue,Smith,,Fr
mens-d1,Auburn,Abdullahi,Bashir,6-7,Jr
mens-d1,BYU,Mihailo,Boskovic,6-10,Sr
mens-d1,BYU,Aleksej,Kostić,6-4,Fr
mens-d1,Ball St.,Jai Anthoni,Bearden,6-7,Fr
mens-d1,Ball St.,Elmore,James,6-3,Sr
mens-d1,Baylor,Isaac,Williams,6-1,So
mens-d1,Bellarmine,Dominique,Murphy Jr,6-5,Fr
mens-d1,Binghamton,Wes,Peterson,6-6,Sr
mens-d1,Boise St.,RJ,Keene,6-7,Sr
mens-d1,Boston U.,Azmar,Abdullah,6-3,So
mens-d1,Boston U.,Kyrone,Alexander,6-5,Jr
mens-d1,Boston U.,Andrew,Bhesania,6-9,Fr
mens-d1,Boston U.,Peter,Carr,6-5,So
mens-d1,Boston U.,Malcolm,Chimezie,6-8,Sr
mens-d1,Boston U.,Ben,Defty,7-0,So
mens-d1,Boston U.,Chance,Gladden,6-4,Fr
mens-d1,Boston U.,Sam,Hughes,6-6,Fr
mens-d1,Boston U.,Michael,McNair,6-5,Jr
mens-d1,Boston U.,Quinn,Nielsen,6-11,Jr
mens-d1,Boston U.,Ethan,Okwuosa,6-3,Sr
mens-d1,Boston U.,Ben,Roy,6-0,Sr
mens-d1,Boston U.,Donte,Tisinger,6-3,Fr
mens-d1,Brown,Charlie,OSullivan,6-10,Fr
mens-d1,Bryant,Aaron,Davis,6-7,Jr
mens-d1,Bryant,Joseph,Green,6-3,Fr
mens-d1,Bryant,Ashley,"Sims, II",6-8,Fr
mens-d1,Bucknell,Quin,Berger,6-2,Sr
mens-d1,Bucknell,Ruot,Bijiek,6-9,Sr
mens-d1,Bucknell,Grgur,Brcic,6-10,Jr
mens-d1,Bucknell,Pat,Curtin,6-3,Fr
mens-d1,Bucknell,Amon,Dörries,6-11,Fr
mens-d1,Bucknell,Josh,Fulton,6-6,Sr
mens-d1,Bucknell,Matt,Lange,6-2,So
mens-d1,Bucknell,Brandon,McCreesh,6-4,Jr
mens-d1,Bucknell,Jacob,Meachem,5-8,Fr
mens-d1,Bucknell,Patrick,O'Brien,6-8,Jr
mens-d1,Bucknell,Aleksander,Pachucki,6-5,So
mens-d1,Bucknell,Achile,Spadone,6-4,Sr
mens-d1,Bucknell,Kellen,Welch,6-7,So
mens-d1,Bucknell,Jayden,Williams,5-10,So
mens-d1,Buffalo,Derrick,Talton Jr,,
mens-d1,Butler,Jamie,"Kaiser, Jr.",,
mens-d1,Butler,"Azavier ""Stink""",Robinson,,
mens-d1,Cal Poly,Aaron,"Price, Jr.",,
mens-d1,Cal St. Fullerton,Kiwane,Garris Jr,,
mens-d1,Cal St. Fullerton,Josh,Ward,,
mens-d1,Cal St. Fullerton,Benjamin,Winker,,
mens-d1,California,Dai Dai,Ames,,
mens-d1,California,Semetri (TT),Carr,,
mens-d1,California Baptist,Nathaniel,Garcia,,
mens-d1,California Baptist,Jordan,Mueller,,
mens-d1,Campbell,Broc,Bidwell,,
mens-d1,Campbell,Dominykas,Butka,,
mens-d1,Campbell,Dovydas,Butka,,
mens-d1,Campbell,Tasos,Cook,,
mens-d1,Campbell,Chris,Fields Jr.,,
mens-d1,Campbell,Cam,Gregory,,
mens-d1,Campbell,Mutombo,Kalambay,,
mens-d1,Campbell,Daniel,Marcellinus,,
mens-d1,Campbell,Muneer,Newton,,
mens-d1,Campbell,D.J.,Smith,,
mens-d1,Campbell,Jeremiah,Williamson-Johnson,,
mens-d1,Canisius,Andreo,Ash,,
mens-d1,Canisius,Trevor,Augustine,,
mens-d1,Canisius,Anthony,Benard,,
mens-d1,Canisius,Zach,Christian,,
mens-d1,Canisius,Nicco,DiGiulio,,
mens-d1,Canisius,Javante,Edwards,,
mens-d1,Canisius,Mike,Evbagharu,,
mens-d1,Canisius,King,Ijeoma,,
mens-d1,Canisius,Max,Jusianiec,,
mens-d1,Canisius,Christopher,Kumu,,
mens-d1,Canisius,Bryan,Ndjonga,,
mens-d1,Canisius,Marcus,Niblack,,
mens-d1,Canisius,Brendan,Oliver,,
mens-d1,Canisius,Kahlil,Singleton,,
mens-d1,Canisius,Myles,Wilmoth,,
mens-d1,Canisius,Evan,van der Plas,,
mens-d1,Central Ark.,Harrison,Beauchamp,,
mens-d1,Central Ark.,John,Shulman,,
mens-d1,Central Conn. St.,Daniel Etiosa,James,,
mens-d1,Central Conn. St.,Darin,"Smith, Jr.",,
mens-d1,Central Mich.,Phat Phat,Brooks,,
mens-d1,Charleston So.,A.J.,Gladieux,,
mens-d1,Charlotte,Raúl,Villar,,
mens-d1,Chattanooga,Teddy,"Washington, Jr.",,
mens-d1,Chicago St.,Lionel,Larvadain,,
mens-d1,Cincinnati,Day Day,Thomas,,
mens-d1,Clemson,Efrem,Johnson,,
mens-d1,Cleveland St.,Tre,Beard,,
mens-d1,Cleveland St.,Lucas,Burton,,
mens-d1,Cleveland St.,Chevalier,Emery,,
mens-d1,Cleveland St.,David,Giddens,,
mens-d1,Cleveland St.,Josiah,Harris,,
mens-d1,Cleveland St.,Manny,Hill,,
mens-d1,Cleveland St.,Kamari,Jones,,
mens-d1,Cleveland St.,Jaidon,Lipscomb,,
mens-d1,Cleveland St.,Dayan,Nessah,,
mens-d1,Cleveland St.,Holden,Pierre-Louis,,
mens-d1,Cleveland St.,Preist,Ryan,,
mens-d1,Cleveland St.,Ivan,Spirov,,
mens-d1,Cleveland St.,Kevo,St.Hilaire,,
mens-d1,Cleveland St.,Foster,Wonders,,
mens-d1,Col. of Charleston,Chris,Davis Jr,,
mens-d1,Colgate,Josh,Ahayere,,
mens-d1,Colgate,Andrew,Alekseyenko,,
mens-d1,Colgate,Cameron,Brennan,,
mens-d1,Colgate,Ethan,Brown,,
mens-d1,Colgate,Kyle,Carlesimo,,
mens-d1,Colgate,Jalen,Cox,,
mens-d1,Colgate,Brady,Cummins,,
mens-d1,Colgate,Jonathan,Niv,,
mens-d1,Colgate,Eyilayomi,Odetoyinbo,,
mens-d1,Colgate,Charles,Pugh,,
mens-d1,Colgate,Ben,Tweedy,,
mens-d1,Colgate,Cooper,Wright,,
mens-d1,Colgate,Sam,Wright,,
mens-d1,Colorado,"Fawaz ""Tacko""",Ifaola,,
mens-d1,Coppin St.,Favour,Aire,,
mens-d1,Coppin St.,Torrin,Andrews,,
mens-d1,Coppin St.,Josiah,Brown,,
mens-d1,Coppin St.,Demariontay,Hall,,
mens-d1,Coppin St.,Khali,Horton,,
mens-d1,Coppin St.,Tyler,Koenig,,
mens-d1,Coppin St.,Nelson,Lamizana,,
mens-d1,Coppin St.,Daveyon,Lydner,,
mens-d1,Coppin St.,Chris,Morgan,,
mens-d1,Coppin St.,Macahi,Nelson,,
mens-d1,Coppin St.,Hassan,Perkins,,
mens-d1,Coppin St.,Jamari,Piercy,,
mens-d1,Coppin St.,Baasil,Saunders,,
mens-d1,Coppin St.,Camaren,Sparrow,,
mens-d1,Coppin St.,Taj,Thweatt,,
mens-d1,Coppin St.,Hussain,Williams,,
mens-d1,Dartmouth,Niko,Abusara,,
mens-d1,Dartmouth,Connor,Amundsen,,
mens-d1,Dartmouth,Ben,Brown,,
mens-d1,Dartmouth,Tyler,Garrett,,
mens-d1,Dartmouth,Cameron,Hiatt,,
mens-d1,Dartmouth,Khai,Lockwood,,
mens-d1,Dartmouth,Cameron,McNamee,,
mens-d1,Dartmouth,Brandon,Mitchell-Day,,
mens-d1,Dartmouth,Jackson,Munro,,
mens-d1,Dartmouth,Shanon,Simango,,
mens-d1,Dartmouth,Anton,Strelnikov,,
mens-d1,Dartmouth,Kareem,Thomas,,
mens-d1,Dartmouth,Patrick,Tivnan Jr.,,
mens-d1,Dartmouth,Jayden,Williams,,
mens-d1,Davidson,"JaQualon ""JQ""",Roberts,,
mens-d1,Dayton,Amael,L'Etang,,
mens-d1,DePaul,Kaleb,Banks,,
mens-d1,DePaul,N.J.,Benson,,
mens-d1,DePaul,Layden,Blocker,,
mens-d1,DePaul,Fabian,Flores,,
mens-d1,DePaul,CJ,Gunn,,
mens-d1,DePaul,Nate,Kasher,,
mens-d1,DePaul,Jeremy,Lorenz,,
mens-d1,DePaul,Brandon,Maclin,,
mens-d1,DePaul,Khaman,Maker,,
mens-d1,DePaul,Kruz,McClure,,
mens-d1,DePaul,Ilija,Milijasevic,,
mens-d1,DePaul,Théo,Pierre-Justin,,
mens-d1,DePaul,RJ,Smith,,
mens-d1,Delaware,Brandon,Baffone,,
mens-d1,Delaware,Christian,Bliss,,
mens-d1,Delaware,Jameel,Brown,,
mens-d1,Delaware,Mason,Ellison,,
mens-d1,Delaware,Houston,Emory,,
mens-d1,Delaware,Macon,Emory,,
mens-d1,Delaware,Justyn,Fernandez,,
mens-d1,Delaware,Tyler,Houser,,
mens-d1,Delaware,Alex,Kazanecki,,
mens-d1,Delaware,Bouna,Kebe,,
mens-d1,Delaware,Alex,McFadden,,
mens-d1,Delaware,Nnanna,Njoku,,
mens-d1,Delaware,Cavan,Reilly,,
mens-d1,Delaware,Jayden,Taylor,,
mens-d1,Delaware St.,Jalen,StClair,,
mens-d1,Detroit Mercy,Zak,Abdalla,,
mens-d1,Detroit Mercy,Ayden,Carter,,
mens-d1,Detroit Mercy,Je'kel,Cotton,,
mens-d1,Detroit Mercy,Keshawn,Fisher,,
mens-d1,Detroit Mercy,Legend,Geeter,,
mens-d1,Detroit Mercy,Xavier,Istomin-Monroe,,
mens-d1,Detroit Mercy,Nate,Johnson,,
mens-d1,Detroit Mercy,Ryan,Kalambay,,
mens-d1,Detroit Mercy,Jared,Lary,,
mens-d1,Detroit Mercy,Orlando,Lovejoy,,
mens-d1,Detroit Mercy,London,Maiden,,
mens-d1,Detroit Mercy,TJ,Nadeau,,
mens-d1,Detroit Mercy,Tyler,Spratt,,
mens-d1,Detroit Mercy,Lance,Stone,,
mens-d1,Drake,Wilguens Jr.,Exacte,,
mens-d1,Drexel,Horace,Simmons,,
mens-d1,Duke,Patrick,Ngongba,,
mens-d1,Duquesne,Cameron,Crawford,,
mens-d1,ETSU,Blake,Barkley,,
mens-d1,ETSU,Brayden,Crump,,
mens-d1,ETSU,Maki,Johnson,,
mens-d1,ETSU,Milton,Matthews,,
mens-d1,ETSU,Jordan,McCullum,,
mens-d1,ETSU,Cam,Morris III,,
mens-d1,ETSU,Henry,Sisemore,,
mens-d1,ETSU,Gabe,Sisk,,
mens-d1,ETSU,Jaylen,Smith,,
mens-d1,ETSU,Allen,Strothers,,
mens-d1,ETSU,Isaiah,Sutherland,,
mens-d1,ETSU,Brian,Taylor,,
mens-d1,East Carolina,Patrick,D'Arcy,,
mens-d1,East Texas A&M,London,Fields,,
mens-d1,East Texas A&M,Michael,Folarin,,
mens-d1,East Texas A&M,Damian,Garcia,,
mens-d1,East Texas A&M,Ronnie,Harrison,,
mens-d1,East Texas A&M,Gianni,Hunt,,
mens-d1,East Texas A&M,Alex,McCray,,
mens-d1,East Texas A&M,Tay,Mosher,,
mens-d1,East Texas A&M,Noah,Pagotto,,
mens-d1,East Texas A&M,Evan,Phelps,,
mens-d1,East Texas A&M,Mykol,Sanchez-Vega,,
mens-d1,East Texas A&M,Vinny,Sigona,,
mens-d1,East Texas A&M,Josh,Taylor,,
mens-d1,East Texas A&M,Parker,Whisenhunt,,
mens-d1,Eastern Ill.,Andrew,Austin,,
mens-d1,Eastern Ill.,Markus,Blackwell,,
mens-d1,Eastern Ill.,JT,Elder,,
mens-d1,Eastern Ill.,Nazareth,Fisher,,
mens-d1,Eastern Ill.,Zion,Fruster,,
mens-d1,Eastern Ill.,Kooper,Jacobi,,
mens-d1,Eastern Ill.,Prince,Johnson,,
mens-d1,Eastern Ill.,Terry,McMorris,,
mens-d1,Eastern Ill.,Malik,Olafioye,,
mens-d1,Eastern Ill.,Preston,Turner,,
mens-d1,Eastern Ill.,Andre,Washington,,
mens-d1,Eastern Ill.,Meechie,White,,
mens-d1,Eastern Ky.,Juan,"Cranford, Jr.",,
mens-d1,Eastern Mich.,Merritt,Alderink,,
mens-d1,Eastern Mich.,Mehki,Ellison,,
mens-d1,Eastern Mich.,Braelon,Green,,
mens-d1,Eastern Mich.,Mohammad,Habhab,,
mens-d1,Eastern Mich.,Carlos,Hart,,
mens-d1,Eastern Mich.,Gregory,Lawson,,
mens-d1,Eastern Mich.,Mak,Manciel,,
mens-d1,Eastern Mich.,Mbaye,N'Diaye,,
mens-d1,Eastern Mich.,Godslove,Nwabude,,
mens-d1,Eastern Mich.,Addison,Patterson,,
mens-d1,Eastern Mich.,Aidan,Rubio,,
mens-d1,Eastern Mich.,Jon,Sanders,,
mens-d1,Eastern Mich.,John,Shanu II,,
mens-d1,Eastern Mich.,Cooper,Smith,,
mens-d1,Elon,Ja'Juan,Carr,,
mens-d1,Elon,Bryson,Cokley,,
mens-d1,Elon,Chandler,Cuthrell,,
mens-d1,Elon,Iker,Garmendia,,
mens-d1,Elon,Isaac,Harrell,,
mens-d1,Elon,Ned,Hull,,
mens-d1,Elon,DeMarco,Johnson,,
mens-d1,Elon,Kacper,Klaczek,,
mens-d1,Elon,Caleb,Middleton,,
mens-d1,Elon,Alex,Olander,,
mens-d1,Elon,Randall,Pettus II,,
mens-d1,Elon,Bryson,Spell,,
mens-d1,Elon,Savion,Taylor,,
mens-d1,Evansville,Marlon,"Barnes, Jr.",,
mens-d1,FDU,Chidube,Ekwommadu,,
mens-d1,FDU,Ras Elijah,Godbolt,,
mens-d1,FGCU,Matthew,McCarthy,,
mens-d1,FGCU,George,Washington lll,,
mens-d1,Florida,CJ,Ingram II,,
mens-d1,Florida A&M,Anquan,Boldin Jr.,,
mens-d1,Florida A&M,Jordan,Chatman,,
mens-d1,Florida A&M,Anthony,Knowles,,
mens-d1,Florida A&M,Miles,Ndalama,,
mens-d1,Florida A&M,Micah,Octave,,
mens-d1,Florida A&M,Devere,Palmer,,
mens-d1,Florida A&M,Amir,Rahman,,
mens-d1,Florida A&M,Jaquan,Sanders,,
mens-d1,Florida A&M,Tyler,Shirley,,
mens-d1,Florida A&M,Malcom,Stute,,
mens-d1,Florida A&M,Lenard,Taylor Jr.,,
mens-d1,Florida A&M,Kaleb,Washington,,
mens-d1,Florida St.,Shahid,Muhammad,,
mens-d1,Ga. Southern,Alden,Applewhite,,
mens-d1,Ga. Southern,Andres,Burney,,
mens-d1,Ga. Southern,Shainen,Carter,,
mens-d1,Ga. Southern,Khayri,Dunn,,
mens-d1,Ga. Southern,Jefferson,Koulibaly,,
mens-d1,Ga. Southern,Cade,Lomas,,
mens-d1,Ga. Southern,Tyren,Moore,,
mens-d1,Ga. Southern,Tsvet,Sotirov,,
mens-d1,Ga. Southern,Sean,Van Dorn Jr.,,
mens-d1,Ga. Southern,Tavarus,Webb,,
mens-d1,Ga. Southern,Nakavieon,White,,
mens-d1,Ga. Southern,Jayden,Williams,,
mens-d1,Ga. Southern,Dwayne,Williams Jr.,,
mens-d1,Gardner-Webb,D.J.,Jefferson,,
mens-d1,Gardner-Webb,Curtis,Williams,,
mens-d1,George Washington,Tyrone,Marshall,,
mens-d1,Georgetown,Vincent,Iwuchukwu,,
mens-d1,Georgia,Somto,Cyril,,
mens-d1,Georgia St.,Christian,Beam,,
mens-d1,Georgia St.,Ayouba,Berthe,,
mens-d1,Georgia St.,Malachi,Brown,,
mens-d1,Georgia St.,Joah,Chappelle,,
mens-d1,Georgia St.,James,Cooper,,
mens-d1,Georgia St.,Anhtony,Enoh,,
mens-d1,Georgia St.,Jelani,Hamilton,,
mens-d1,Georgia St.,Christopher,Jones,,
mens-d1,Georgia St.,Jakai,Newton,,
mens-d1,Georgia St.,Trey,Scott III,,
mens-d1,Georgia St.,Isaiah,Sherrard,,
mens-d1,Georgia St.,Kwame,Tanic,,
mens-d1,Georgia St.,Micah,Tucker,,
mens-d1,Georgia Tech,Eric,Chatfield Jr,,
mens-d1,Grambling,PJ,Edwards,,
mens-d1,Green Bay,Justin,Allen,,
mens-d1,Green Bay,Ramel,Bethea,,
mens-d1,Green Bay,Maruan,Cicic,,
mens-d1,Green Bay,Brady,Fitzgerald,,
mens-d1,Green Bay,Marcus,Hall,,
mens-d1,Green Bay,Dontrell,Hewlett,,
mens-d1,Green Bay,Josh,Hines,,
mens-d1,Green Bay,C.J.,O'Hara,,
mens-d1,Green Bay,Preston,Ruedinger,,
mens-d1,Green Bay,Rob,Stroud,,
mens-d1,Green Bay,LeBron,Thomas,,
mens-d1,Green Bay,Vukasin,Todorovic,,
mens-d1,Green Bay,Keegan,Van Kauwenberg,,
mens-d1,Green Bay,Caden,Wilkins,,
mens-d1,Green Bay,Mac,Wrecke,,
mens-d1,Harvard,Thomas,Batties II,,
mens-d1,Hofstra,Cruz,Davis,,
mens-d1,Hofstra,Joshua,DeCady,,
mens-d1,Hofstra,Preston,Edmead,,
mens-d1,Hofstra,Victory,Onuetu,,
mens-d1,Hofstra,Biggie,Patterson,,
mens-d1,Hofstra,German,Plotnikov,,
mens-d1,Hofstra,Joshua Aaron,Reaves,,
mens-d1,Hofstra,Jaeden,Roberts,,
mens-d1,Hofstra,Silas,Sunday,,
mens-d1,Hofstra,Alex,Tsynkevich,,
mens-d1,Hofstra,Amir,Williams,,
mens-d1,Hofstra,A.J.,Wills,,
mens-d1,Houston,Chris,Cenac Jr,,
mens-d1,Houston Christian,Ryan,Bartley,,
mens-d1,Houston Christian,Demarco,Bethea,,
mens-d1,Houston Christian,Elijah,Brooks,,
mens-d1,Houston Christian,Obadiah,Curtis,,
mens-d1,Houston Christian,Caleb,Gaston,,
mens-d1,Houston Christian,Kylin,Green,,
mens-d1,Houston Christian,Nehikhare,Igiehon,,
mens-d1,Houston Christian,Trent,Johnson,,
mens-d1,Houston Christian,Ahjany,Lee,,
mens-d1,Houston Christian,Mambourou,Mara,,
mens-d1,Houston Christian,Bryson,Monroe,,
mens-d1,Houston Christian,D'Aundre,Samuels,,
mens-d1,Houston Christian,Demari,Williams,,
mens-d1,Houston Christian,Will,Wilson,,
mens-d1,IU Indy,Lav,Cvetkovic',,
mens-d1,Illinois St.,Cameron,Barnes,,
mens-d1,Illinois St.,Ty,Blake,,
mens-d1,Illinois St.,Ty'Reek,Coleman,,
mens-d1,Illinois St.,Jack,Daugherty,,
mens-d1,Illinois St.,Johnny,Kinziger,,
mens-d1,Illinois St.,Mason,Klabo,,
mens-d1,Illinois St.,Brandon,Lieb,,
mens-d1,Illinois St.,Landon,Moore,,
mens-d1,Illinois St.,Ty,Pence,,
mens-d1,Illinois St.,Boden,Skunberg,,
mens-d1,Illinois St.,Chase,Walker,,
mens-d1,Illinois St.,Landon,Wolf,,
mens-d1,Indiana St.,Bruno,Alocen,,
mens-d1,Indiana St.,Cooper,Bean,,
mens-d1,Indiana St.,Zyair,Greene,,
mens-d1,Indiana St.,Xavier,Hall,,
mens-d1,Indiana St.,Hunter,Harding,,
mens-d1,Indiana St.,Markus,Harding,,
mens-d1,Indiana St.,Caden,Huttenlocker,,
mens-d1,Indiana St.,Sivert,Nordheim,,
mens-d1,Indiana St.,Ian,Scott,,
mens-d1,Indiana St.,Enel,St. Bernard,,
mens-d1,Indiana St.,Jo,Van Buggenhout,,
mens-d1,Indiana St.,Derek,Vorst,,
mens-d1,Indiana St.,Camp,Wagner,,
mens-d1,Indiana St.,Jayan,Walker,,
mens-d1,Indiana St.,Sterling,Young,,
mens-d1,Iona,C.J.,Anthony,,
mens-d1,Iona,Oscar,Hourruitiner,,
mens-d1,Jackson St.,Kobe,Butler,,
mens-d1,Jackson St.,Tamarion,Hoover,,
mens-d1,Jackson St.,Cael,Jones,,
mens-d1,Jackson St.,Deyan,Kolev,,
mens-d1,Jackson St.,Dorian,McMillian,,
mens-d1,Jackson St.,Jayme,Mitchell Jr.,,
mens-d1,Jackson St.,Devin,Ree,,
mens-d1,Jackson St.,Daeshun,Ruffin,,
mens-d1,Jackson St.,Kedrick,Simmons,,
mens-d1,Jackson St.,Jalen,Tatum,,
mens-d1,Jackson St.,Dionjahe,Thomas,,
mens-d1,Jackson St.,Raevon,Thomas,,
mens-d1,Jackson St.,Delyle,Williams,,
mens-d1,Jackson St.,Mike,Williams,,
mens-d1,Jackson St.,Ebo,Wilson,,
mens-d1,Jacksonville,Michael,Harper,,
mens-d1,Jacksonville,Chris,Lockett,,
mens-d1,Jacksonville,Jason,"Thirdkill, Jr.",,
mens-d1,James Madison,Christian,Brown,,
mens-d1,James Madison,Ike,Cornish,,
mens-d1,James Madison,Cliff,Davis,,
mens-d1,James Madison,Bradley,Douglas,,
mens-d1,James Madison,Kose,Egbule,,
mens-d1,James Madison,Preston,Fowler,,
mens-d1,James Madison,Paul,Jones III,,
mens-d1,James Madison,Paul,Lewis,,
mens-d1,James Madison,Justin,McBride,,
mens-d1,James Madison,Gabe,Newhof,,
mens-d1,James Madison,Eddie,Ricks III,,
mens-d1,James Madison,Justin,Taylor,,
mens-d1,James Madison,Eli,Wilborn,,
mens-d1,Kansas City,Shatner,Booker-Lowery,,
mens-d1,Kansas City,Karmello,Branch,,
mens-d1,Kansas City,Kernan,Bundy,,
mens-d1,Kansas City,Jamaria,Clark,,
mens-d1,Kansas City,Chris,Dockery,,
mens-d1,Kansas City,U'Riyah,Evans,,
mens-d1,Kansas City,Kasheem,Grady II,,
mens-d1,Kansas City,D'Andre,Harrison,,
mens-d1,Kansas City,Babacar,Mbengue,,
mens-d1,Kansas City,Jerome,Palm,,
mens-d1,Kansas City,Jayson,Petty,,
mens-d1,Kansas City,Addarin,Scott,,
mens-d1,Kansas St.,PJ,Haggerty,,
mens-d1,Kansas St.,CJ,Jones,,
mens-d1,Kent St.,Derrick,Lee Jr.,,
mens-d1,LIU,A.J.,Neal,,
mens-d1,LIU,Faheim,Saintleger-Meran,,
mens-d1,LMU (CA),Myron,Amey Jr.,,
mens-d1,LMU (CA),Rodney,Brown Jr.,,
mens-d1,LMU (CA),Kevin,Carney,,
mens-d1,LMU (CA),Joshua,Dalton,,
mens-d1,LMU (CA),Rick,Issanza,,
mens-d1,LMU (CA),Rokas,Jocius,,
mens-d1,LMU (CA),Jael,Martin,,
mens-d1,LMU (CA),Aaron,McBride,,
mens-d1,LMU (CA),Jalen,Shelley,,
mens-d1,LMU (CA),Nakyel,Shelton,,
mens-d1,LMU (CA),Cooper,Smith,,
mens-d1,LMU (CA),AJ,Thomas,,
mens-d1,LMU (CA),George,Tupy,,
mens-d1,LMU (CA),Jan,Vide,,
mens-d1,LSU,Michael,Nwoko,,
mens-d1,La Salle,Jerome,"Brewer, Jr.",,
mens-d1,Lafayette,Christian,Humphrey-Rembert,,Fr
mens-d1,Lamar University,Jayden,Barrs,,
mens-d1,Lamar University,Janko,Bulajic,,
mens-d1,Lamar University,Braden,East,,
mens-d1,Lamar University,Spencer,Ezewiro,,
mens-d1,Lamar University,Jayden,Gambrell,,
mens-d1,Lamar University,Andrew,Holifield,,
mens-d1,Lamar University,B.B.,Knight,,
mens-d1,Lamar University,Rob,"Lee, Jr.",,
mens-d1,Lamar University,Eian,Lowe,,
mens-d1,Lamar University,Cody,Pennebaker,,
mens-d1,Lamar University,Errol,White,,
mens-d1,Lamar University,King-Njhsanni,Wilhite,,
mens-d1,Little Rock,Braxton,Bayless,,
mens-d1,Little Rock,Terrion,Burgess,,
mens-d1,Little Rock,Truman,Claytor IV,,
mens-d1,Little Rock,Tuongthach,Gatkek,,
mens-d1,Little Rock,Christian,Hughes,,
mens-d1,Little Rock,Johnathan,Lawson,,
mens-d1,Little Rock,Kachi,Nzeh,,
mens-d1,Little Rock,Caleb,Pennyfeather,,
mens-d1,Little Rock,Tracy,Steele Jr.,,
mens-d1,Little Rock,Joseph,Thomas,,
mens-d1,Little Rock,Cameron,Wallace,,
mens-d1,Long Beach St.,Shaquil,Bender,,
mens-d1,Long Beach St.,JJ,Chaikovsky,,
mens-d1,Long Beach St.,Rob,Diaz,,
mens-d1,Long Beach St.,Cole,Farrell,,
mens-d1,Long Beach St.,Shay,Johnson Jr.,,
mens-d1,Long Beach St.,Christian,Jones,,
mens-d1,Long Beach St.,Leopold,Levillain,,
mens-d1,Long Beach St.,Immanuel,Lewis,,
mens-d1,Long Beach St.,Isaiah,Lewis,,
mens-d1,Long Beach St.,Petar,Majstorovic,,
mens-d1,Long Beach St.,Gavin,Sykes,,
mens-d1,Long Beach St.,Dallas,Washington,,
mens-d1,Long Beach St.,Derrick Michael,Xzavierro,,
mens-d1,Longwood,Jaylen,Benard,,
mens-d1,Longwood,Alphonzo,Billups III,,
mens-d1,Longwood,Jacoi,Hutchinson,,
mens-d1,Longwood,Elijah,Jones,,
mens-d1,Longwood,Isaiah,Kalala,,
mens-d1,Longwood,Elijah,Kelly,,
mens-d1,Longwood,KJ,McClurg,,
mens-d1,Longwood,Johan,Nziemi,,
mens-d1,Longwood,Jaylin,Payne,,
mens-d1,Longwood,Emanuel,Richards,,
mens-d1,Longwood,Redd,Thompson Jr.,,
mens-d1,Longwood,Elijah,Tucker,,
mens-d1,Longwood,Jerome,Williams,,
mens-d1,Louisiana,Michael,Collins,,
mens-d1,Louisiana,Todd,Jones,,
mens-d1,Louisiana Tech,Sir Issac,Herron,,
mens-d1,Louisiana Tech,William,Jeffress,,
mens-d1,Louisiana Tech,Scooter,Williams Jr.,,
mens-d1,Loyola Chicago,Nicolus,Anderson,,
mens-d1,Loyola Chicago,Chuck,Love III,,
mens-d1,Loyola Chicago,Samuel,Yurasek,,
mens-d1,Loyola Maryland,Emmett,Adair,,
mens-d1,Loyola Maryland,Everett,Barnes,,
mens-d1,Loyola Maryland,Carter,Berg-McLean,,
mens-d1,Loyola Maryland,Garrett,Brennan,,
mens-d1,Loyola Maryland,Troy,Cicero Jr.,,
mens-d1,Loyola Maryland,Tyson,Commander,,
mens-d1,Loyola Maryland,Sebastien,Emenalo,,
mens-d1,Loyola Maryland,Ben,Menker,,
mens-d1,Loyola Maryland,Jonas,Sirtautas,,
mens-d1,Loyola Maryland,Braeden,Speed,,
mens-d1,Loyola Maryland,Peter,Sposito,,
mens-d1,Loyola Maryland,Sam,Springer,,
mens-d1,Loyola Maryland,Jordan,Stiemke,,
mens-d1,Loyola Maryland,Jacob,Theodosiou,,
mens-d1,Manhattan,Asier,Miguel Torrero,,
mens-d1,Marist,Rhyjon,Blackwell,,
mens-d1,Marist,Jadin,Collins-Roberts,,
mens-d1,Marist,Jaden,Daughtry,,
mens-d1,Marist,Jordan,Gabriel,,
mens-d1,Marist,Parby,Kabamba,,
mens-d1,Marist,Martin,Kawa,,
mens-d1,Marist,Elijah,Lewis,,
mens-d1,Marist,Ricky,McKenzie,,
mens-d1,Marist,Justin,Menard,,
mens-d1,Marist,Myles,Parker,,
mens-d1,Marist,Trace,Salton,,
mens-d1,Marist,Jason,Schofield,,
mens-d1,Marist,Antoni,Vlogianitis,,
mens-d1,Marist,Tarik,Watson,,
mens-d1,Marquette,Josh,Clark,,
mens-d1,Marquette,Zaide,Lowery,,
mens-d1,Maryland,Guillermo,Del Pino Luque,,
mens-d1,Massachusetts,Marcus,Banks,,
mens-d1,Massachusetts,Leonardo,Bettiol,,
mens-d1,Massachusetts,Donovan,Brown,,
mens-d1,Massachusetts,Danny,Carbuccia,,
mens-d1,Massachusetts,Rollie,Castineyra,,
mens-d1,Massachusetts,Dimitri,Clerc,,
mens-d1,Massachusetts,Luka,Damjanac,,
mens-d1,Massachusetts,Daniel,Hankins-Sanford,,
mens-d1,Massachusetts,Jayden,Ndjigue,,
mens-d1,Massachusetts,Charles,Outlaw,,
mens-d1,Massachusetts,K'Jei,Parker,,
mens-d1,Massachusetts,Isaiah,Placide,,
mens-d1,Massachusetts,Dwayne,"Wimbley, Jr.",,
mens-d1,McNeese,Tyshawn,Archie,,
mens-d1,McNeese,Carl,Cherenfant,,
mens-d1,McNeese,Jerrell,Colbert,,
mens-d1,McNeese,Garwey,Dual,,
mens-d1,McNeese,Jacolb,Fredson-Cole,,
mens-d1,McNeese,Javohn,Garcia,,
mens-d1,McNeese,Larry,Johnson,,
mens-d1,McNeese,Peitok,Machar,,
mens-d1,McNeese,Yanis,Ndjonga,,
mens-d1,McNeese,JJ,Rembert,,
mens-d1,McNeese,DJ,Richards,,
mens-d1,Mercyhurst,Bernie,Blunt,,
mens-d1,Mercyhurst,Or,Faran Frenkel,,
mens-d1,Mercyhurst,Mykolaus,Ivanauskas,,
mens-d1,Mercyhurst,Christopher,Leman,,
mens-d1,Merrimack,Todd,Brogna,,
mens-d1,Merrimack,Aliou,Cisse,,
mens-d1,Merrimack,Tye,Dorset,,
mens-d1,Merrimack,Malik,Edmead,,
mens-d1,Merrimack,Brendan,Johnson,,
mens-d1,Merrimack,Kevair,Kennedy,,
mens-d1,Merrimack,Brandon,Legris,,
mens-d1,Merrimack,Andres,Marrero,,
mens-d1,Merrimack,Ernest,Shelton,,
mens-d1,Merrimack,Jaylen,Stinson,,
mens-d1,Merrimack,KC,Ugwuakazi,,
mens-d1,Merrimack,Dylan,Veillette,,
mens-d1,Miami (FL),John,"Laboy, II",,
mens-d1,Michigan St.,Cameron,Ward,,
mens-d1,Middle Tenn.,Marcus,Whitlock,,
mens-d1,Mississippi Val.,X’Zaevion,Barnett,,
mens-d1,Mississippi Val.,Delkedric,Holmes,,
mens-d1,Mississippi Val.,Tyrone,Iroghama,,
mens-d1,Mississippi Val.,Michael,James,,
mens-d1,Mississippi Val.,Daniel,Mayfield,,
mens-d1,Mississippi Val.,Samuel,Murray,,
mens-d1,Mississippi Val.,Mussa,Mzein,,
mens-d1,Mississippi Val.,Jonathan,Pace,,
mens-d1,Mississippi Val.,Patrick,Punch,,
mens-d1,Mississippi Val.,Lamont,Sams,,
mens-d1,Mississippi Val.,Antonio,Sisk,,
mens-d1,Mississippi Val.,Chance,Sutton,,
mens-d1,Missouri St.,Trey,Williams Jr,,
mens-d1,Monmouth,Andrew,Ball,,
mens-d1,Monmouth,Jack,Collins,,
mens-d1,Monmouth,Jinup,Dobuol,,
mens-d1,Monmouth,Zubayr,Griffin,,
mens-d1,Monmouth,O'Marion,Harvey,,
mens-d1,Monmouth,Jack,Leahy,,
mens-d1,Monmouth,Anthony,Martinez,,
mens-d1,Monmouth,Kavion,McClain,,
mens-d1,Monmouth,Corey,Miller,,
mens-d1,Monmouth,Dok,Muordar,,
mens-d1,Monmouth,Lucas,Orchard,,
mens-d1,Monmouth,Quinn,Peters,,
mens-d1,Monmouth,Justin,Ray,,
mens-d1,Monmouth,Jason,Rivera-Torres,,
mens-d1,Monmouth,Cornelius,Robinson Jr.,,
mens-d1,Monmouth,Stefanos,Spartalis,,
mens-d1,Montana,Courtney,Anderson,,
mens-d1,Mount St. Mary's,Justin,Amadi,,
mens-d1,Mount St. Mary's,Anthony,Arrington,,
mens-d1,Mount St. Mary's,Trey,Deveaux,,
mens-d1,Mount St. Mary's,Yakhya,Diop,,
mens-d1,Mount St. Mary's,Elijah,Espinosa,,
mens-d1,Mount St. Mary's,Patrick,Haigh,,
mens-d1,Mount St. Mary's,Arlandus,Keyes,,
mens-d1,Mount St. Mary's,Abdou,Khadre Kébé,,
mens-d1,Mount St. Mary's,Xavier,Lipscomb,,
mens-d1,Mount St. Mary's,Luke,McEldon,,
mens-d1,Mount St. Mary's,John,Miller IV,,
mens-d1,Mount St. Mary's,Noah,Rogers,,
mens-d1,Mount St. Mary's,Anastasios,Rozakeas,,
mens-d1,Mount St. Mary's,Mason,So,,
mens-d1,Murray St.,Fredrick,King,,
mens-d1,NC State,Paul,"McNeil, Jr.",,
mens-d1,NIU,Carlos,Coronado Jr.,,
mens-d1,New Mexico,Timeo,Pons,,
mens-d1,New Orleans,Tavaj,Cope,,
mens-d1,New Orleans,Jihad,el Khatib,,
mens-d1,Niagara,Gael,Dalmau Torresola,,
mens-d1,Nicholls,Domanic,Betancourt,,
mens-d1,Nicholls,Zaiden,Cross,,
mens-d1,Nicholls,Jalik,Dunkley,,
mens-d1,Nicholls,Trae,English,,
mens-d1,Nicholls,Zee,Hamoda,,
mens-d1,Nicholls,Nick,Krass,,
mens-d1,Nicholls,Sincere,Malone,,
mens-d1,Nicholls,Jordan,Matthews,,
mens-d1,Nicholls,Kevin,Pazmino,,
mens-d1,Nicholls,Jalin,Rice,,
mens-d1,Nicholls,Grant,Sanders,,
mens-d1,Nicholls,Jaylen,Searles,,
mens-d1,Nicholls,Christian,Winborne,,
mens-d1,Norfolk St.,Melo,Baines,,
mens-d1,Norfolk St.,Dramane,Camara,,
mens-d1,Norfolk St.,Yel,Deeng,,
mens-d1,Norfolk St.,Devon,Ellis,,
mens-d1,Norfolk St.,Elijah,Jamison,,
mens-d1,Norfolk St.,My'kel,Jenkins,,
mens-d1,Norfolk St.,Jordan,Leaks,,
mens-d1,Norfolk St.,Keyontae,Lewis,,
mens-d1,Norfolk St.,Anthony,McComb III,,
mens-d1,Norfolk St.,Jaquel,Morris,,
mens-d1,Norfolk St.,Adrean,Newton,,
mens-d1,Norfolk St.,Mekhi,Reid,,
mens-d1,Norfolk St.,Ahmad,Torrence,,
mens-d1,Norfolk St.,Dian,Wright-Forde,,
mens-d1,North Dakota,Garrett,Anderson,,
mens-d1,North Dakota,Matthew,Bothun,,
mens-d1,North Dakota,Marley,Curtis,,
mens-d1,North Dakota,Micah,Curtis,,
mens-d1,North Dakota,Wylee,Delorme,,
mens-d1,North Dakota,Anthony,Doppler,,
mens-d1,North Dakota,Ryan,Erikson,,
mens-d1,North Dakota,Josh,Jones,,
mens-d1,North Dakota,Eli,King,,
mens-d1,North Dakota,Zach,Kraft,,
mens-d1,North Dakota,George,Natsvishvili,,
mens-d1,North Dakota,Karson,Ouse,,
mens-d1,North Dakota,Anthony,Smith lll,,
mens-d1,North Dakota,Reggie,Thomas,,
mens-d1,North Dakota,Greyson,Uelmen,,
mens-d1,North Florida,Gabriel,Jacobs,,
mens-d1,Northeastern,Xavier,Abreu,,
mens-d1,Northeastern,Xander,Alarie,,
mens-d1,Northeastern,Haris,Elezovic,,
mens-d1,Northeastern,Ty,Francis,,
mens-d1,Northeastern,JB,Frankel,,
mens-d1,Northeastern,Youri,Fritz,,
mens-d1,Northeastern,William,Kermoury,,
mens-d1,Northeastern,Liam,Koelsch,,
mens-d1,Northeastern,Mike,Loughnane,,
mens-d1,Northeastern,Miles,Newton,,
mens-d1,Northeastern,Petar,Pinter,,
mens-d1,Northeastern,LA,Pratt,,
mens-d1,Northeastern,Luca,Soroa Schaller,,
mens-d1,Northeastern,Ryan,Williams,,
mens-d1,Northwestern St.,Quentin,Bolton Jr.,,
mens-d1,Oakland,Brett,White,,
mens-d1,Oklahoma St.,Robert,Jennings,,
mens-d1,Old Dominion,Jordan,Battle,,
mens-d1,Old Dominion,Robert,Davis Jr.,,
mens-d1,Old Dominion,Rieco,Hellams,,
mens-d1,Old Dominion,Scottie,Hubbard,,
mens-d1,Old Dominion,Cooper,Jones,,
mens-d1,Old Dominion,Drew,McKenna,,
mens-d1,Old Dominion,Ben,Nacey,,
mens-d1,Old Dominion,CJ,Parker,,
mens-d1,Old Dominion,Donovan,Raymond,,
mens-d1,Old Dominion,Ketron,Shaw,,
mens-d1,Old Dominion,Caelum,Swanton-Rodger,,
mens-d1,Old Dominion,LJ,Thomas,,
mens-d1,Old Dominion,Jared,Turner,,
mens-d1,Old Dominion,Zacch,Wiggins,,
mens-d1,Ole Miss,Augusto,Cassia,,
mens-d1,Oral Roberts,Connor,Dow,,
mens-d1,Oral Roberts,Cal,Furnish,,
mens-d1,Oral Roberts,Luke,Gray,,
mens-d1,Oral Roberts,Ty,Harper,,
mens-d1,Oral Roberts,Aaron,Jacob,,
mens-d1,Oral Roberts,Martins,Kilups,,
mens-d1,Oral Roberts,Chase,Martin,,
mens-d1,Oral Roberts,Ofri,Naveh,,
mens-d1,Oral Roberts,Baron,Smith Jr.,,
mens-d1,Oral Roberts,Lane,Sparks,,
mens-d1,Oral Roberts,Jack,Turner,,
mens-d1,Oral Roberts,Yuto,Yamanouchi-Williams,,
mens-d1,Oregon St.,Msatija,Samar,,
mens-d1,Penn,Lucas-Allan,Lueth,,
mens-d1,Penn St.,Sasa,Ciani,,
mens-d1,Pepperdine,Danilo,Dozic,,
mens-d1,Pepperdine,Pavle,Stosic,,
mens-d1,Portland,Matus,Hronsky,,
mens-d1,Portland St.,Brayden,Barron,,
mens-d1,Portland St.,Charles,Chukwu,,
mens-d1,Portland St.,Mozae,Downing-Rivers,,
mens-d1,Portland St.,Alex,Dupre,,
mens-d1,Portland St.,Jaylin,Henderson,,
mens-d1,Portland St.,Keyon,Kensie Jr.,,
mens-d1,Portland St.,Brycen,Long,,
mens-d1,Portland St.,Terri,Miller Jr.,,
mens-d1,Portland St.,Tre-Vaughn,Minott,,
mens-d1,Portland St.,Colt,Ness,,
mens-d1,Portland St.,Kelcy,Phipps,,
mens-d1,Portland St.,Samuel,Stewart IV,,
mens-d1,Portland St.,Sebastian,Tidor,,
mens-d1,Portland St.,Kean,Webb,,
mens-d1,Portland St.,Isaiah,Williams,,
mens-d1,Presbyterian,Luke,Allison,,
mens-d1,Presbyterian,Amare,Anderson,,
mens-d1,Presbyterian,JD,Bowden,,
mens-d1,Presbyterian,Chidi,Chiakwelu,,
mens-d1,Presbyterian,Khalon,Hudson,,
mens-d1,Presbyterian,Iverson,King,,
mens-d1,Presbyterian,Carl,Parrish,,
mens-d1,Presbyterian,Jaylen,Peterson,,
mens-d1,Presbyterian,Josh,Pickett,,
mens-d1,Presbyterian,Jonah,Pierce,,
mens-d1,Presbyterian,Erik,Taylor,,
mens-d1,Presbyterian,Triston,Wilson,,
mens-d1,Providence,Corey,"Floyd, Jr.",,
mens-d1,Purdue Fort Wayne,DeAndre,Craig,,
mens-d1,Quinnipiac,Akintola,Akinniyi,,
mens-d1,Quinnipiac,Ronell,"Giles, Jr.",,
mens-d1,Quinnipiac,Nate,Guerengomba,,
mens-d1,Quinnipiac,Asim,Jones,,
mens-d1,Quinnipiac,Keith,McKnight,,
mens-d1,Quinnipiac,Amarri,Monroe,,
mens-d1,Quinnipiac,Samuel Osayi,Nosakhare,,
mens-d1,Quinnipiac,Grant,Randall,,
mens-d1,Quinnipiac,Samson,Reilly,,
mens-d1,Quinnipiac,Braylan,Ritvo,,
mens-d1,Quinnipiac,Christopher,Skenderi,,
mens-d1,Quinnipiac,Tai,Turnage,,
mens-d1,Quinnipiac,Spence,Wewe,,
mens-d1,Quinnipiac,Jaden,Zimmerman,,
mens-d1,Radford,Warren,Keel,,
mens-d1,Radford,Dennis,"Parker, Jr.",,
mens-d1,Radford,Brennan,Rigsby,,
mens-d1,Rider,Flash,Burton,,
mens-d1,Rider,Davis,Bynum,,
mens-d1,Rider,AB,Coulibaly,,
mens-d1,Rider,Zion,Cruz,,
mens-d1,Rider,Maurizio,D'Alessandro,,
mens-d1,Rider,Mohamad,Diallo,,
mens-d1,Rider,Shemani,Fuller,,
mens-d1,Rider,Daniel,Helterhoff,,
mens-d1,Rider,Kristupas,Kepezinskas,,
mens-d1,Rider,Cole,McCabe,,
mens-d1,Rider,Jamir,McNeil,,
mens-d1,Rider,Caleb,Smith,,
mens-d1,Rider,Devean,Williams,,
mens-d1,Rider,Antwan,Wilson,,
mens-d1,Robert Morris,Cyril,Arvanitis,,
mens-d1,Robert Morris,Kaleb,Brown,,
mens-d1,Robert Morris,Nikolaos,Chitikoudis,,
mens-d1,Robert Morris,Eddie,Cooke III,,
mens-d1,Robert Morris,DeSean,Goode,,
mens-d1,Robert Morris,Josh,Hill,,
mens-d1,Robert Morris,Jeremiah,Littlejohn,,
mens-d1,Robert Morris,Darius,Livingston,,
mens-d1,Robert Morris,Samuel,Obenjo,,
mens-d1,Robert Morris,Ubong,Okon,,
mens-d1,Robert Morris,Ryan,Prather Jr.,,
mens-d1,Robert Morris,Ta'Zir,Smith,,
mens-d1,Robert Morris,Albert,Vargas,,
mens-d1,Robert Morris,Cam,Wilds,,
mens-d1,Rutgers,Angelino,Mark,,
mens-d1,Rutgers,Christopher,Nwuli,,
mens-d1,SFA,Gediminas,Alisas,,So
mens-d1,SFA,Narit,Chotikavanic,,So
mens-d1,SFA,Harris,Dar,,So
mens-d1,SFA,Christian,Green,,Jr
mens-d1,SFA,Bryceson,Melvin,,Fr
mens-d1,SFA,Ahamed,Mohammed,,Sr
mens-d1,SFA,Lateef,Patrick Jr,,
mens-d1,SFA,Marcus,Scurry,,Fr
mens-d1,SFA,Eltramon,Smith Jr.,,So
mens-d1,SIUE,Darius,Robinson,,
mens-d1,SMU,Jermaine,"O'Neal, Jr.",,
mens-d1,Sacred Heart,Taj,Bryant,,
mens-d1,Sacred Heart,Mekhi,Conner,,
mens-d1,Sacred Heart,Yann,Farell,,
mens-d1,Sacred Heart,Lucius,Gibson-Savadel,,
mens-d1,Sacred Heart,Dashon,Gittens,,
mens-d1,Sacred Heart,Fallou,Gueye,,
mens-d1,Sacred Heart,Anquan,Hill,,
mens-d1,Sacred Heart,Jeremiah,Jacobs,,
mens-d1,Sacred Heart,Nyle,Ralph-Beyer,,
mens-d1,Sacred Heart,Malik,Sheppard,,
mens-d1,Sacred Heart,Jaden,Slaughter,,
mens-d1,Sacred Heart,Alex,Woodring,,
mens-d1,Sacred Heart,Abdou,Yadd,,
mens-d1,Saint Francis,KJ,Swain,,
mens-d1,Saint Joseph's,Deuce,Jones II,,
mens-d1,Saint Peter's,Bol,Agu,,
mens-d1,Saint Peter's,Adetokunbo,Bakare,,
mens-d1,Saint Peter's,Brent,Bland,,
mens-d1,Saint Peter's,Bryce,Eaton,,
mens-d1,Saint Peter's,J'Quan,Ewing,,
mens-d1,Saint Peter's,Jahki,Gupton,,
mens-d1,Saint Peter's,Eric,Morgan Jr.,,
mens-d1,Saint Peter's,Elijah,Perkins,,
mens-d1,Saint Peter's,TJ,Robinson,,
mens-d1,Saint Peter's,Lucas,Scroggins,,
mens-d1,Saint Peter's,Shaedon,Simpson,,
mens-d1,Saint Peter's,Zaakir,Williamson,,
mens-d1,Sam Houston,CJ,Beaumont,,
mens-d1,Sam Houston,Justin,Begg,,
mens-d1,Sam Houston,Jacobe,Coleman,,
mens-d1,Sam Houston,Matt,Dann,,
mens-d1,Sam Houston,Jaxson,Ford,,
mens-d1,Sam Houston,Veljko,Ilic,,
mens-d1,Sam Houston,Po'Boigh,King,,
mens-d1,Sam Houston,Isaiah,Manning,,
mens-d1,Sam Houston,Kashie,Natt,,
mens-d1,Sam Houston,Cheikh,Ndiaye,,
mens-d1,Sam Houston,Damon,Nicholas Jr.,,
mens-d1,Sam Houston,Jacob,Walker,,
mens-d1,Samford,Judson,Bjornstad,,
mens-d1,Samford,Jadin,Booth,,
mens-d1,Samford,Corey,Brown,,
mens-d1,Samford,Isaiah,Campbell-Finch,,
mens-d1,Samford,Dylan,Faulkner,,
mens-d1,Samford,Caleb,Harrison,,
mens-d1,Samford,Zach,Lamey,,
mens-d1,Samford,Kam,Martin,,
mens-d1,Samford,Cade,Norris,,
mens-d1,Samford,Keaton,Norris,,
mens-d1,Samford,Jaxon,Pollard,,
mens-d1,Samford,Will,Shaver,,
mens-d1,Samford,Zion,Wilburn,,
mens-d1,San Diego,Darrae,Goodwin,,
mens-d1,San Diego,Tim,Moore,,
mens-d1,Santa Clara,Francis,Chukwudebelu,,
mens-d1,Santa Clara,KJ,Cochran,,
mens-d1,Santa Clara,Thierry,Darlan,,
mens-d1,Santa Clara,Jake,Ensminger,,
mens-d1,Santa Clara,Aleksandar,Gavalyugov,,
mens-d1,Santa Clara,Allen,Graves,,
mens-d1,Santa Clara,Christian,Hammond,,
mens-d1,Santa Clara,Brenton,Knapper,,
mens-d1,Santa Clara,Elijah,Mahi,,
mens-d1,Santa Clara,Bukky,Oboye,,
mens-d1,Santa Clara,Juan,Reyna III,,
mens-d1,Santa Clara,Brendan,Yarusso,,
mens-d1,Seattle U,Ray,Adams,,
mens-d1,Seattle U,Miles,Amos,,
mens-d1,Seattle U,Maleek,Arington,,
mens-d1,Seattle U,John,Christofilis,,
mens-d1,Seattle U,Houran,Dan,,
mens-d1,Seattle U,Brock,Felder,,
mens-d1,Seattle U,Will,Heimbrodt,,
mens-d1,Seattle U,Yuto,Kawashima,,
mens-d1,Seattle U,Brayden,Maldonado,,
mens-d1,Seattle U,Austin,Maurer,,
mens-d1,Seattle U,Jojo,Murphy,,
mens-d1,Seattle U,Stratos,Papastavrou,,
mens-d1,Seattle U,Jun Seok,Yeo,,
mens-d1,Seton Hall,Stephon,Payne III,,
mens-d1,Seton Hall,TJ,Simpkins,,
mens-d1,Seton Hall,A.J.,Staton-McCray,,
mens-d1,Seton Hall,Mike,Williams III,,
mens-d1,South Alabama,Hantz,Louis Jeune,,
mens-d1,South Carolina St.,Owen,"Bronston, Jr.",,
mens-d1,South Carolina St.,Cameron,Clark,,
mens-d1,South Carolina St.,Derwin,Hodge,,
mens-d1,South Carolina St.,Jayden,Johnson,,
mens-d1,South Carolina St.,D'Shay,Knights Wright,,
mens-d1,South Carolina St.,Colin,McKenzie,,
mens-d1,South Carolina St.,Jamal,Miles,,
mens-d1,South Carolina St.,James,Morrow,,
mens-d1,South Carolina St.,Tim,Okojie,,
mens-d1,South Carolina St.,Christopher,Parker,,
mens-d1,South Carolina St.,Florian,Tenebay,,
mens-d1,South Carolina St.,Teon,Tindal,,
mens-d1,South Carolina St.,Noah,Treadwell,,
mens-d1,South Dakota,Evan,Anderson,,
mens-d1,South Dakota,Jake,Brack,,
mens-d1,South Dakota,Isaac,Bruns,,
mens-d1,South Dakota,Uzziah,Buntyn,,
mens-d1,South Dakota,Vince,Buzelis,,
mens-d1,South Dakota,Jordan,Crawford,,
mens-d1,South Dakota,Josiah,Dotzler,,
mens-d1,South Dakota,Shey,Eberwein,,
mens-d1,South Dakota,Cameron,Fens,,
mens-d1,South Dakota,Porter,Ihnen,,
mens-d1,South Dakota,Caleb,Kizer,,
mens-d1,South Dakota,Ethan,Kizer,,
mens-d1,South Dakota,Jesse,Mcintosh,,
mens-d1,South Dakota,Ashton,Smith,,
mens-d1,South Dakota St.,Bubz,Alvarez,,
mens-d1,South Dakota St.,Trey,Buchanan,,
mens-d1,South Dakota St.,Andrell,Burton Jr.,,
mens-d1,South Dakota St.,Jadyn,Cascio Jensen,,
mens-d1,South Dakota St.,Caleb,Delzell,,
mens-d1,South Dakota St.,Kalen,Garry,,
mens-d1,South Dakota St.,Luke,Haertle,,
mens-d1,South Dakota St.,Jaden,Jackson,,
mens-d1,South Dakota St.,Matthew,Mors,,
mens-d1,South Dakota St.,Jaden,Rogers,,
mens-d1,South Dakota St.,Joe,Sayler,,
mens-d1,South Dakota St.,Alec,Squires,,
mens-d1,South Dakota St.,Damon,Wilkinson,,
mens-d1,Southeastern La.,C.J.,Booker,,
mens-d1,Southeastern La.,Kyle,Edison,,
mens-d1,Southeastern La.,Jeremy,Elyzee,,
mens-d1,Southeastern La.,Ahmed,Essahaty,,
mens-d1,Southeastern La.,Ubong Abasi,Etim,,
mens-d1,Southeastern La.,Jalen,Forrest,,
mens-d1,Southeastern La.,Isaiah,Gaines,,
mens-d1,Southeastern La.,Peter,Hemschemeier,,
mens-d1,Southeastern La.,Seth,Jones,,
mens-d1,Southeastern La.,Jaiden,Lawrence,,
mens-d1,Southeastern La.,Makhi,Myles,,
mens-d1,Southeastern La.,Ethan,Pickett,,
mens-d1,Southern California,EJ,Neal,,
mens-d1,Southern Miss.,Chiante,Tramble,,
mens-d1,Southern U.,PJ,Dobuol,,
mens-d1,St. Bonaventure,Joseph,Grahovac,,
mens-d1,St. Bonaventure,Amar’e,Marshall,,
mens-d1,St. John's (NY),Rubén,Prey,,
mens-d1,St. Thomas (MN),Carter,Bjerke,,
mens-d1,St. Thomas (MN),Jermaine,Coleman,,
mens-d1,St. Thomas (MN),Kyle,Counts,,
mens-d1,St. Thomas (MN),Ryan,Dufault,,
mens-d1,St. Thomas (MN),Tim,Franks,,
mens-d1,St. Thomas (MN),Austin,Herro,,
mens-d1,St. Thomas (MN),Tommy,Humphries,,
mens-d1,St. Thomas (MN),Nick,Janowski,,
mens-d1,St. Thomas (MN),Isaiah,Johnson-Arigu,,
mens-d1,St. Thomas (MN),Ryan,Lafferty,,
mens-d1,St. Thomas (MN),Nolan,Minessale,,
mens-d1,St. Thomas (MN),Ben,Oosterbaan,,
mens-d1,St. Thomas (MN),Adam,Tauer,,
mens-d1,St. Thomas (MN),Jack,Tauer,,
mens-d1,St. Thomas (MN),Hayden,Tibbits,,
mens-d1,Stonehill,Will,Batchelder,,
mens-d1,Syracuse,JJ,Starling,,
mens-d1,Tarleton St.,Malek,Archie,,
mens-d1,Tarleton St.,AJ,"Dent, Jr",,
mens-d1,Tarleton St.,DJ,Dormu,,
mens-d1,Tarleton St.,Kade,Douglas,,
mens-d1,Tarleton St.,Freddy,Hicks,,
mens-d1,Tarleton St.,Kaia,Isaac,,
mens-d1,Tarleton St.,Dior,Johnson,,
mens-d1,Tarleton St.,Leroy,Kelly IV,,
mens-d1,Tarleton St.,Roy,Marom,,
mens-d1,Tarleton St.,Joseph,Martinez,,
mens-d1,Tarleton St.,Cam,McDowell,,
mens-d1,Tarleton St.,Jordan,Mizell,,
mens-d1,Tarleton St.,Chris,Mpaka,,
mens-d1,Tarleton St.,Ocypher,Owens,,
mens-d1,Tarleton St.,Damion,Porter Jr.,,
mens-d1,Tarleton St.,Andy,Sigiscar,,
mens-d1,Tarleton St.,Cam,Thomas,,
mens-d1,Tarleton St.,Matyas,Vrabel,,
mens-d1,Tennessee St.,JC,Brooks,,
mens-d1,Tennessee St.,Alex,Garcia,,
mens-d1,Tennessee St.,Travis,Harper II,,
mens-d1,Tennessee St.,Dante,Harris,,
mens-d1,Tennessee St.,Damon,Howard Jr,,
mens-d1,Tennessee St.,Jayden,Jones,,
mens-d1,Tennessee St.,Kavien,Jones,,
mens-d1,Tennessee St.,Jean Yvens,Lafleur,,
mens-d1,Tennessee St.,Khalil,London,,
mens-d1,Tennessee St.,Antoine,Lorick III,,
mens-d1,Tennessee St.,Aaron,Nkrumah,,
mens-d1,Tennessee St.,Jalen,Pitre,,
mens-d1,Tennessee St.,Jabrion,Spikes,,
mens-d1,Tennessee St.,Carlous,Williams,,
mens-d1,Tennessee Tech,Colin,Ayers,,
mens-d1,Tennessee Tech,Mekhi,Cameron,,
mens-d1,Tennessee Tech,Malik,Ferguson,,
mens-d1,Tennessee Tech,Ja'Quavian,Florence,,
mens-d1,Tennessee Tech,C.J.,McPherson,,
mens-d1,Tennessee Tech,Brandon,Muntu,,
mens-d1,Tennessee Tech,JaJuan,Nicholls,,
mens-d1,Tennessee Tech,Ty,Owens,,
mens-d1,Tennessee Tech,Jah'Kim,Payne,,
mens-d1,Tennessee Tech,Dani,Pounds,,
mens-d1,Tennessee Tech,Hagan,Preston,,
mens-d1,Tennessee Tech,Grant,Slatten,,
mens-d1,Tennessee Tech,Mekhi,Turner,,
mens-d1,Tennessee Tech,Owen,Varnado,,
mens-d1,Tennessee Tech,Jacobe,Whitted,,
mens-d1,Texas A&M,Ruben,Dominguez,,
mens-d1,The Citadel,Sola,Adebisi,,
mens-d1,The Citadel,Aidan,Alexander,,
mens-d1,The Citadel,Logan,Applegate,,
mens-d1,The Citadel,Cassius,Bonjasky,,
mens-d1,The Citadel,Keynan,Davis,,
mens-d1,The Citadel,Simeon,German,,
mens-d1,The Citadel,Marcos,Gonzales,,
mens-d1,The Citadel,Jameson,Heck,,
mens-d1,The Citadel,Gabe,Hernandez,,
mens-d1,The Citadel,Rowan,Irelan,,
mens-d1,The Citadel,Dante,Kearse,,
mens-d1,The Citadel,Carter,Kingsbury,,
mens-d1,The Citadel,Logan,Menefee,,
mens-d1,The Citadel,Christian,Moore,,
mens-d1,The Citadel,Eze,Wali,,
mens-d1,The Citadel,Jack,Walter,,
mens-d1,The Citadel,Braxton,Williams,,
mens-d1,The Citadel,Chase,Williams,,
mens-d1,Toledo,Will,"James, Jr.",,
mens-d1,Towson,Jaiden,Cole,,
mens-d1,Towson,Tyler,Coleman,,
mens-d1,Towson,Ryan,Conway,,
mens-d1,Towson,Jack,Doumbia,,
mens-d1,Towson,Caleb,Embeya,,
mens-d1,Towson,Chike,Ndefo,,
mens-d1,Towson,Abdou,Samb,,
mens-d1,Towson,Tyler,Schmidt,,
mens-d1,Towson,Mor,Seck,,
mens-d1,Towson,Ryan,Skerry,,
mens-d1,Towson,Tyler,Tejada,,
mens-d1,Towson,Dylan,Williamson,,
mens-d1,Towson,Jaquan,Womack,,
mens-d1,UAlbany,Zach,Matulu,,
mens-d1,UAlbany,Nasir,Muhammad,,
mens-d1,UC Davis,Abdullah,Amzil,,
mens-d1,UC Davis,Isaiah,Chappell,,
mens-d1,UC Davis,Nils,Cooper,,
mens-d1,UC Davis,Carl,Daughtery Jr.,,
mens-d1,UC Davis,Brayden,Fagbemi,,
mens-d1,UC Davis,Cyril,Franklin Jr.,,
mens-d1,UC Davis,Jonathan,Noudjihidi,,
mens-d1,UC Davis,Chase,Rawlins,,
mens-d1,UC Davis,Niko,Rocak,,
mens-d1,UC Davis,Connor,Sevilla,,
mens-d1,UC Davis,Jalen,Stokes,,
mens-d1,UC Davis,Omer,Suljanovic,,
mens-d1,UC Davis,Marcus,Wilson,,
mens-d1,UC Irvine,Tishan,Ahir,,
mens-d1,UC Irvine,Harrison,Carrington,,
mens-d1,UC Irvine,Elijah,Chol,,
mens-d1,UC Irvine,Jurian,Dixon,,
mens-d1,UC Irvine,Ben,Egbo,,
mens-d1,UC Irvine,Nes,Emeneke,,
mens-d1,UC Irvine,Kyle,Evans,,
mens-d1,UC Irvine,Andre,Henry,,
mens-d1,UC Irvine,Tama,Isaac,,
mens-d1,UC Irvine,Jovan,Jester Jr.,,
mens-d1,UC Irvine,Akiva,McBirney-Griffin,,
mens-d1,UC Irvine,Derin,Saran,,
mens-d1,UC Riverside,Jailen,Daniel-Dalton,,
mens-d1,UC Riverside,Dylan,Godfrey,,
mens-d1,UC Riverside,Osiris,Grady,,
mens-d1,UC Riverside,Andrew,Henderson,,
mens-d1,UC Riverside,Denzel,Hines,,
mens-d1,UC Riverside,Tyler,Jones,,
mens-d1,UC Riverside,BJ,Kolly,,
mens-d1,UC Riverside,De'Undrae,Perteete,,
mens-d1,UC Riverside,EJ,Spillman,,
mens-d1,UC Riverside,Daniel,Tobiloba,,
mens-d1,UC Riverside,Ben,Waller,,
mens-d1,UC Riverside,Marqui,Worthy,,
mens-d1,UCF,Zachary,Johnson,,
mens-d1,UConn,Uroš,Paunović,,
mens-d1,UIC,Rashund,Washington Jr,,
mens-d1,UIW,Davion,Bailey,,
mens-d1,UIW,Drew,Barbee,,
mens-d1,UIW,Love,Bettis,,
mens-d1,UIW,Amani,Drummond,,
mens-d1,UIW,Marcus,Glover,,
mens-d1,UIW,Esteban,Mann,,
mens-d1,UIW,Jordan,Pyke,,
mens-d1,UIW,Harrison,Reede,,
mens-d1,UIW,Lewis,Rowe,,
mens-d1,UIW,Tyler,Simon,,
mens-d1,UIW,Tahj,Staveskie,,
mens-d1,UIW,Mihael,Tomic,,
mens-d1,UIW,Jayden,Williams,,
mens-d1,UIW,Harold,Woods,,
mens-d1,ULM,William,Ball,,
mens-d1,ULM,Lavell,Brodnex,,
mens-d1,ULM,Cam,Campbell,,
mens-d1,ULM,Micah,Caster,,
mens-d1,ULM,Brady,Craig,,
mens-d1,ULM,Dylan,Diaz,,
mens-d1,ULM,Przemek,Hartman,,
mens-d1,ULM,Alex,Huguet Carrasco,,
mens-d1,ULM,Krystian,Lewis,,
mens-d1,ULM,Alex,Molofeev,,
mens-d1,ULM,MJ,Russell,,
mens-d1,ULM,Renars,Sondors,,
mens-d1,ULM,Ajay,Tew,,
mens-d1,UMBC,DJ,Armstrong,,
mens-d1,UMBC,Jose Roberto,Tanchyn,,
mens-d1,UNC Greensboro,Donald,"Whitehead, Jr.",,
mens-d1,UNI,Leon,Bond III,,
mens-d1,UNI,Trey,Campbell,,
mens-d1,UNI,Chase,Courbat,,
mens-d1,UNI,Ismael,Diouf,,
mens-d1,UNI,Will,Hornseth,,
mens-d1,UNI,Geon,Hutchins,,
mens-d1,UNI,Hunter,Jacobson,,
mens-d1,UNI,Kyle,Pock,,
mens-d1,UNI,Ben,Schwieger,,
mens-d1,UNI,Tristan,Smith,,
mens-d1,UNI,RJ,Taylor,,
mens-d1,UNI,Max,Weisbrod,,
mens-d1,UT Arlington,Casmir,Chavis,,
mens-d1,UT Martin,Andrija,Bukumirović,,
mens-d1,UT Martin,Filip,Radaković,,
mens-d1,UTEP,Trey,Horton,,
mens-d1,Utah,Jahki,Howard,,
mens-d1,Utah,Elijah,Moore,,
mens-d1,Utah St.,MJ,Collins,,
mens-d1,Utah Tech,Samuel,Ariyibi,,
mens-d1,Utah Tech,Britton,Berrett,,
mens-d1,Utah Tech,Noah,Bolanga,,
mens-d1,Utah Tech,Tanner,Davis,,
mens-d1,Utah Tech,Dario,Domingos,,
mens-d1,Utah Tech,Dallin,Grant,,
mens-d1,Utah Tech,Boston,Harker,,
mens-d1,Utah Tech,Jusaun,Holt,,
mens-d1,Utah Tech,Madiba,Owona,,
mens-d1,Utah Tech,Ethan,Potter,,
mens-d1,Utah Tech,Chance,Trujillo,,
mens-d1,Utah Tech,Preston,Vandermyde,,
mens-d1,Utah Valley,Isaac,Davis,,
mens-d1,Utah Valley,Isaac,Hawkins,,
mens-d1,Utah Valley,Tyler,Hendricks,,
mens-d1,Utah Valley,Jackson,Holcombe,,
mens-d1,Utah Valley,Braden,Housley,,
mens-d1,Utah Valley,Joul,Karram,,
mens-d1,Utah Valley,Trevan,Leonhardt,,
mens-d1,Utah Valley,Tyler,Medaris,,
mens-d1,Utah Valley,AJ,Riggs,,
mens-d1,Utah Valley,Noah,Taitz,,
mens-d1,Utah Valley,Sherman,Weatherspoon IV,,
mens-d1,Utah Valley,Tyler,Weaver,,
mens-d1,Utah Valley,Hayden,Welling,,
mens-d1,VCU,Michael,Belle,,
mens-d1,VCU,Lazar,Djokovic,,
mens-d1,VCU,Jordann,Dumont,,
mens-d1,VCU,Barry,Evans,,
mens-d1,VCU,Christian,Fermin,,
mens-d1,VCU,Terrence,Hill Jr.,,
mens-d1,VCU,Brandon,Jennings,,
mens-d1,VCU,Nyk,Lewis,,
mens-d1,VCU,Keyshawn,Mitchell,,
mens-d1,VCU,Ahmad,Nowell,,
mens-d1,VCU,Jordan,Tillery,,
mens-d1,VCU,Jadrian,Tracey,,
mens-d1,VCU,Tyrell,Ward,,
mens-d1,VMI,Mario,"Tatum, Jr.",,
mens-d1,Valparaiso,Mark,Brown,,
mens-d1,Villanova,Christian,Jeffrey,,
mens-d1,Virginia,Johann,Gruenloh,,
mens-d1,Wagner,Bryan,Akanamu,,
mens-d1,Wagner,Makhai,Anderson,,
mens-d1,Wagner,John,Awoke,,
mens-d1,Wagner,Jaden,Baker,,
mens-d1,Wagner,Binael,Basil,,
mens-d1,Wagner,Elijah,Brown,,
mens-d1,Wagner,Michael,Cooper,,
mens-d1,Wagner,Huascar,Cuevas,,
mens-d1,Wagner,Zavier,Fitch,,
mens-d1,Wagner,Nick,Jones,,
mens-d1,Wagner,Eddie,Placer,,
mens-d1,Wagner,Sam,Smith,,
mens-d1,Washington,Brandon,Roy Jr,,
mens-d1,Washington St.,Ace,Glass lll,,
mens-d1,West Ga.,Matija,Žužić,,
mens-d1,Western Caro.,Abdulai Fanta,Kabba,,
mens-d1,Western Ky.,Armelo,Boone,,
mens-d1,Western Ky.,Noah,Boyde,,
mens-d1,Western Ky.,Jack,Edelen,,
mens-d1,Western Ky.,LJ,Hackman,,
mens-d1,Western Ky.,Cam,Haffner,,
mens-d1,Western Ky.,Blaise,Keita,,
mens-d1,Western Ky.,Teagan,Moore,,
mens-d1,Western Ky.,Terrion,Murdix,,
mens-d1,Western Ky.,Ryan,Myers,,
mens-d1,Western Ky.,Grant,Newell,,
mens-d1,Western Ky.,Leeroy,Odiahi,,
mens-d1,Western Ky.,Bryant,Selebangue,,
mens-d1,Western Ky.,Louie,Semona,,
mens-d1,Western Ky.,Cade,Stinnett,,
mens-d1,Western Ky.,Kade,Unseld,,
mens-d1,Western Mich.,Sharod,Barnes,,
mens-d1,Western Mich.,Jayden,Brewer,,
mens-d1,Western Mich.,Max,Burton,,
mens-d1,Western Mich.,Nicholas,Errica,,
mens-d1,Western Mich.,Jalen,Griffith,,
mens-d1,Western Mich.,Trey,Lewis,,
mens-d1,Western Mich.,Declan,Peterson,,
mens-d1,Western Mich.,EJ,Ryans,,
mens-d1,Western Mich.,Junior,Sileu,,
mens-d1,Western Mich.,Michael,Sulaka,,
mens-d1,Western Mich.,Brady,Swartz,,
mens-d1,Western Mich.,Carson,Vis,,
mens-d1,Western Mich.,Hudson,Ward,,
mens-d1,Western Mich.,Justice,Williams,,
mens-d1,William & Mary,Ryan,"Jackson, Jr.",,
mens-d1,Winthrop,Daylen,Berry,,
mens-d1,Winthrop,Pharell,Boyogueno,,
mens-d1,Winthrop,Cam,Christy,,
mens-d1,Winthrop,Kody,Clouet,,
mens-d1,Winthrop,Logan,Duncomb,,
mens-d1,Winthrop,Tai,Hamilton,,
mens-d1,Winthrop,Henry,Harrison,,
mens-d1,Winthrop,Seifeldin,Hendawy,,
mens-d1,Winthrop,Tommy,Kamarad,,
mens-d1,Winthrop,Josh,Meo,,
mens-d1,Winthrop,Edward,Nnamoko,,
mens-d1,Winthrop,Kareem,Rozier,,
mens-d1,Winthrop,Braylhan,Thomas,,
mens-d1,Winthrop,Isaiah,Wilson,,
mens-d1,Wofford,Grayson,Collins,,
mens-d1,Wofford,Luke,Flynn,,
mens-d1,Wofford,Kahmare,Holmes,,
mens-d1,Wofford,Nils,Machowski,,
mens-d1,Wofford,Maximo,Ortega,,
mens-d1,Wofford,Callum,Richard,,
mens-d1,Wofford,Cannon,Richards,,
mens-d1,Wofford,Brendan,Rigsbee,,
mens-d1,Wofford,Rex,Stirling,,
mens-d1,Wofford,Brian,Sumpter,,
mens-d1,Wofford,Jayden,Tyler,,
mens-d1,Wofford,Cayden,Vasko,,
mens-d1,Wofford,Chace,Watley,,
mens-d1,Wyoming,Simm,Saadi,,
mens-d1,Xavier,Roddie,Anderson III,,
mens-d1,Xavier,Filip,Borovicanin,,
mens-d1,Xavier,Tre,Carroll,,
mens-d1,Xavier,Malik,Messina-Moore,,
mens-d1,Xavier,Jovan,Milicevic,,
mens-d1,Xavier,Pape,N'Diaye,,
mens-d1,Xavier,Mier,Panoam,,
mens-d1,Xavier,Anthony,Robinson,,
mens-d1,Xavier,Ian,Sabourin,,
mens-d1,Xavier,Isaiah,Walker,,
mens-d1,Xavier,Michael,Wolf,,
mens-d1,Xavier,All,Wright,,
mens-d1,Yale,Courtney,Wallace Jr.,,
mens-d1,Youngstown St.,Derrick,Anderson,,
mens-d1,Youngstown St.,Rontavious,Blackshear,,
mens-d1,Youngstown St.,Cris,Carroll,,
mens-d1,Youngstown St.,Bryson,Dawkins,,
mens-d1,Youngstown St.,Jaiden,Haynes,,
mens-d1,Youngstown St.,Andrew,King,,
mens-d1,Youngstown St.,Jason,Nelson,,
mens-d1,Youngstown St.,Cam,Polak,,
mens-d1,Youngstown St.,Tyler,Robinett,,
mens-d1,Youngstown St.,Rich,Rolf,,
mens-d1,Youngstown St.,Vladimer,Salaridze,,
mens-d1,Youngstown St.,Shaheed,Solebo,,
mens-d1,Youngstown St.,Imanuel,Zorgvol,,
